setnumber,Title,id,danceability,energy,key,loudness,mode,speechiness,acousticness,instrumentalness,liveness,valence,tempo
1,Family Affair,3aw9iWUQ3VrPQltgwvN9Xu,0.911,0.551,8,-3.75,0,0.0449,0.132,4.12e-05,0.0863,0.969,92.887
2,In Da Club,4RY96Asd9IefaL3X4LOLZ8,0.902,0.72,6,-2.776,0,0.347,0.26,0.0,0.0749,0.805,90.059
3,Just Dance,2x7MyWybabEz6Y6wvHuwGE,0.822,0.739,1,-4.541,0,0.0311,0.0264,4.26e-05,0.181,0.745,118.992
4,The Sweet Escape,66ZcOcouenzZEnzTJvoFmH,0.756,0.77,1,-3.502,1,0.0343,0.191,0.0,0.178,0.73,119.961
5,Hips Don't Lie (feat. Wyclef Jean),3ZFTkvIE7kyPt6Nu3PEa7V,0.778,0.824,10,-5.892,0,0.0707,0.284,0.0,0.405,0.758,100.024
6,Yeah! (feat. Lil Jon & Ludacris),5rb9QrpfcKFHM1EUbSIurX,0.894,0.791,2,-4.699,1,0.112,0.0183,0.0,0.0388,0.583,105.018
7,Pon de Replay,4TsmezEQVSZNNPv5RJ65Ov,0.779,0.64,7,-8.415,1,0.159,0.000155,0.00077,0.101,0.498,99.019
8,"Lose Yourself - From ""8 Mile"" Soundtrack",5Z01UMMf7V1o0MzF86s6WJ,0.692,0.744,2,-4.565,1,0.257,0.00868,0.000423,0.359,0.0612,171.374
9,The Next Episode,4LwU4Vp6od3Sb08CsP99GC,0.922,0.909,10,-2.429,0,0.27,0.0281,0.0,0.0856,0.309,95.295
10,Empire State Of Mind,2igwFfvr1OAGX9SKDCPBwO,0.491,0.956,11,-1.538,1,0.392,0.0295,0.0,0.46,0.811,173.585
11,Halo,4JehYebiI9JE8sR8MisGVb,0.508,0.72,11,-5.908,0,0.0628,0.272,0.0,0.0563,0.472,79.983
12,Umbrella,49FYlytm3dAAraYgpoJZux,0.583,0.829,1,-4.603,1,0.134,0.00864,0.0,0.0426,0.575,174.028
13,Last Friday Night (T.G.I.F.),455AfCsOhhLPRc68sE01D8,0.649,0.815,3,-3.796,0,0.0415,0.00125,4.31e-05,0.671,0.765,126.03
14,Promiscuous,2gam98EZKrF9XuOkU13ApN,0.808,0.97,10,-6.098,0,0.0506,0.0569,6.13e-05,0.154,0.868,114.328
15,Party In The U.S.A.,5Q0Nhxo0l2bP3pNjpGJwV1,0.652,0.698,10,-4.667,0,0.042,0.00112,0.000115,0.0886,0.47,96.021
16,Since U Been Gone,3xrn9i8zhNZsTtcoWgQEAd,0.662,0.741,0,-5.406,1,0.0334,0.00165,0.0303,0.114,0.404,131.0
17,I Knew You Were Trouble.,6FB3v4YcR57y4tXFcdxI1E,0.622,0.469,3,-6.798,0,0.0363,0.00454,2.25e-06,0.0335,0.679,77.019
18,Disturbia,2VOomzT6VavJOGBeySqaMc,0.707,0.813,11,-4.515,0,0.0571,0.0863,0.0,0.168,0.722,124.921
19,Gimme More,6ic8OlLUNEATToEFU3xmaH,0.788,0.844,2,-3.131,1,0.0334,0.25,0.000678,0.0723,0.382,113.324
20,Unwritten,3U5JVgI2x4rDyHGObzJfNf,0.706,0.8,5,-6.333,1,0.0399,0.00584,0.0,0.0822,0.629,100.011
21,Maneater,4wH4dJgrsxONID6KS2tDQM,0.796,0.777,6,-4.81,1,0.0397,0.0261,0.000358,0.121,0.787,132.722
22,Hot N Cold,1y4eb6hmAvsqlDOl3fx9kk,0.706,0.841,7,-3.956,1,0.0418,7.95e-05,0.0,0.0688,0.861,132.032
23,Raise Your Glass,1gv4xPanImH17bKZ9rOveR,0.7,0.709,7,-5.006,1,0.0838,0.0048,0.0,0.029,0.624,122.019
24,Toxic,4fbaKWFRghusXd4bSBvvfN,0.774,0.838,5,-3.914,0,0.114,0.0249,0.0244,0.242,0.924,143.04
25,Down,6cmm1LMvZdB5zsCwX5BjqE,0.727,0.68,2,-4.498,1,0.0286,0.0101,0.0,0.0821,0.728,132.012
26,Love Story,1vrd6UOGamcKNGnSHJQlSt,0.618,0.741,2,-3.95,1,0.031,0.17,0.0,0.0822,0.296,118.984
27,Don't Stop The Music,0ByMNEPAPpOR5H69DVrTNy,0.835,0.669,6,-5.582,0,0.0643,0.0336,6.92e-05,0.0535,0.542,122.668
28,Cooler Than Me - Single Mix,2V4bv1fNWfTcyRJKmej6Sj,0.768,0.82,7,-4.63,0,0.0474,0.179,0.0,0.689,0.625,129.965
29,Crazy In Love (feat. Jay-Z),5IVuqXILoxVWvWEPm82Jxr,0.646,0.77,2,-6.596,0,0.226,0.00249,0.0,0.0715,0.681,99.165
30,I Kissed A Girl,005lwxGU1tms6HGELIcUv9,0.699,0.76,5,-3.173,1,0.0677,0.00223,0.0,0.132,0.696,129.996
31,Say It Right,2aI21FnmY7TJVKeMaoQZ0t,0.872,0.872,1,-6.328,1,0.139,0.0476,0.00112,0.0543,0.809,116.948
32,Glamorous,4KTtYhxFtFL7mBwnjkKfLm,0.81,0.755,0,-6.408,1,0.199,0.291,0.0,0.0857,0.625,130.991
33,Oops!...I Did It Again,6naxalmIoLFWR0siv8dnQQ,0.751,0.834,1,-5.444,0,0.0437,0.3,1.77e-05,0.355,0.894,95.053
34,SOS,30cSNer6TV8x2utjULVeQ5,0.677,0.671,7,-4.905,1,0.0361,0.004,5.07e-05,0.413,0.527,137.046
35,Say My Name,7H6ev70Weq6DdpZyyTmUXk,0.713,0.678,5,-3.525,0,0.102,0.273,0.0,0.149,0.734,138.009
36,We Are Never Ever Getting Back Together,0VwNdo84DaVYLIkbVO86ND,0.628,0.676,7,-5.911,1,0.0916,0.00957,2.65e-05,0.121,0.75,85.984
37,Poker Face,5R8dQOPq8haW94K7mgERlO,0.851,0.806,4,-4.62,1,0.0787,0.118,1.64e-06,0.121,0.787,118.999
38,Circus,7jk7gqyEonmVVYahZN5zhW,0.791,0.733,6,-5.215,0,0.052,0.147,0.000381,0.0713,0.761,114.98
39,Dynamite,2CEgGE6aESpnmtfiZwYlbV,0.751,0.783,4,-3.724,1,0.0859,0.00379,0.0,0.036,0.816,119.975
40,Shut Up And Drive,4Tn2llBm1g0UlWctmgPL8Z,0.735,0.826,1,-4.902,1,0.0349,0.00101,0.129,0.197,0.74,132.964
41,Grenade,2tJulUYLDKOg9XrtVkMgcJ,0.704,0.558,2,-7.273,0,0.0542,0.148,0.0,0.107,0.245,110.444
42,Rock Your Body,1AWQoqb9bSvzTjaLralEkT,0.892,0.714,4,-6.055,0,0.141,0.201,0.000234,0.0521,0.817,100.972
43,Everytime We Touch,5YJtMNWKe55yr49cyJgxva,0.633,0.976,8,-5.362,1,0.0519,0.00281,1.29e-05,0.382,0.493,142.027
44,Irreplaceable,6RX5iL93VZ5fKmyvNXvF1r,0.447,0.694,7,-4.637,0,0.382,0.0293,5.46e-06,0.167,0.509,175.868
45,TiK ToK,0HPD5WQqrq7wPWR7P7Dw1i,0.755,0.837,2,-2.718,0,0.142,0.0991,0.0,0.289,0.714,120.028
46,Bad Romance,0SiywuOBRcynK0uKGWdCnn,0.696,0.921,0,-3.755,1,0.0363,0.00314,5.24e-05,0.0842,0.714,119.001
47,So What,0JiY190vktuhSGN6aqJdrt,0.534,0.87,11,-3.078,0,0.0425,0.000334,0.0,0.241,0.462,126.019
48,Womanizer,4fixebDZAVToLbUCuEloa2,0.724,0.695,11,-5.226,1,0.0622,0.073,0.0,0.0889,0.235,139.0
49,Sweet Dreams,1FKxKGONukVFXWVJxAKmlz,0.694,0.825,1,-5.986,1,0.111,0.0895,1.86e-05,0.0618,0.788,121.949
50,Forever,3NZJlJemX3mzjf56MqC5ML,0.672,0.82,11,-4.456,1,0.0459,0.0368,0.000188,0.184,0.438,120.005
51,Heartless,4EWCNWgDS8707fNSZ1oaA5,0.79,0.647,10,-5.983,0,0.136,0.0515,0.0,0.248,0.654,87.999
52,The Way I Are,2bLqfJjuC5syrsgDsZfGmn,0.731,0.807,3,-6.492,0,0.1,0.181,0.751,0.319,0.765,114.759
53,Marry You,22PMfvdz35fFKYnJyMn077,0.621,0.82,10,-4.865,1,0.0367,0.332,0.0,0.104,0.452,144.905
54,Don't Cha,1gZ7i4qxXkHZb1r6eioaAP,0.877,0.637,1,-3.493,0,0.101,0.00516,2.5e-06,0.0959,0.569,119.988
55,Low (feat. T-Pain),0CAfXk7DXMnon4gLudAp7J,0.918,0.609,10,-5.64,0,0.0791,0.0928,0.0,0.139,0.304,128.008
56,"Whenever, Wherever",2lnzGkdtDj5mtlcOW2yRtG,0.794,0.832,1,-4.862,0,0.0407,0.237,1.14e-05,0.203,0.871,107.657
57,Replay,5vlEg2fT4cFWAqU5QptIpQ,0.706,0.751,9,-6.323,1,0.0708,0.173,0.0,0.168,0.195,91.031
58,Bye Bye Bye,62bOmKYxYg7dhrC6gH9vFn,0.61,0.926,8,-4.843,0,0.0479,0.031,0.0012,0.0821,0.861,172.638
59,About You Now,0Hdj4LLUSmvf8qHGMAX7EA,0.552,0.726,1,-6.017,0,0.043,0.000104,1.77e-05,0.483,0.658,164.954
60,Sk8er Boi,00Mb3DuaIH1kjrwOku9CGU,0.487,0.9,0,-4.417,1,0.0482,6.79e-05,0.0,0.358,0.484,149.937
61,SexyBack (feat. Timbaland),0O45fw2L5vsWpdsOdXwNAR,0.967,0.583,7,-5.562,0,0.0789,0.0584,0.0,0.0519,0.964,117.0
62,Rude Boy,60jzFy6Nn4M0iD1d94oteF,0.563,0.75,11,-4.496,1,0.127,0.113,0.0,0.0788,0.812,173.906
63,I Gotta Feeling,2H1047e0oMSj10dgp7p2VG,0.744,0.766,0,-6.375,1,0.0265,0.0873,0.0,0.509,0.61,127.966
64,Single Ladies (Put a Ring on It),5R9a4t5t5O0IsznsrKPVro,0.426,0.584,1,-5.293,1,0.296,0.0383,0.0,0.188,0.272,193.437
65,This Love,6ECp64rv50XVz93WvxXMGF,0.712,0.862,5,-4.612,0,0.0378,0.0525,0.0,0.093,0.809,95.051
66,Sexy Bitch (feat. Akon),0uXO2GrNiIb1xHT9LUdxZE,0.813,0.627,11,-5.018,0,0.0486,0.0771,0.000616,0.131,0.801,130.011
67,Big Girls Don't Cry (Personal),4AniPkv5vgdE1n6VKreiyI,0.707,0.642,7,-4.271,1,0.0337,0.204,0.0,0.0925,0.249,113.083
68,Complicated,5xEM5hIgJ1jjgcEBfpkt2F,0.585,0.776,5,-5.898,1,0.0459,0.0572,7.74e-06,0.3,0.427,77.987
69,Take A Bow,3goSVuTt3fDYDP6kRnFwuL,0.697,0.467,9,-7.536,1,0.0715,0.248,0.0,0.0941,0.572,82.082
70,Survivor,2Mpj1Ul5OFPyyP4wB62Rvi,0.514,0.911,1,-2.027,0,0.41,0.0559,0.0,0.775,0.619,161.109
71,Jenny from the Block (feat. Jadakiss & Styles P.) - Track Masters Remix,4ZOyH6KjomjlqCz3oFqglr,0.844,0.754,6,-5.46,1,0.207,0.00833,3.42e-06,0.0575,0.961,100.002
72,Because Of You,6CFPFnS9EcLs2I0nWqtWci,0.81,0.538,0,-5.784,0,0.0356,0.528,0.0,0.0951,0.828,109.97
73,Cupid's Chokehold / Breakfast in America - Radio Mix,6ajyEEzWZbw8ycDcJAN099,0.584,0.681,1,-5.084,0,0.0781,0.495,0.0,0.289,0.821,79.702
74,Come on over Baby (All I Want Is You) - Radio Version,7A0apkTSTvMbSI7yplcmlh,0.829,0.915,8,-3.205,1,0.106,0.226,1.25e-05,0.246,0.779,118.903
75,4 Minutes (feat. Justin Timberlake & Timbaland),1oHClQEgDmmbcEx12Kc5nZ,0.753,0.931,2,-4.922,1,0.0652,0.00994,0.00696,0.234,0.767,113.029
76,Fergalicious,1D066zixBwqFYqBhKgdPzp,0.906,0.583,8,-7.721,0,0.317,0.0569,0.0,0.126,0.829,129.056
77,Kiss Me Thru The Phone,2q4rjDy9WhaN3o9MvDbO21,0.758,0.712,7,-3.781,1,0.112,0.0185,0.0,0.0677,0.795,149.998
78,Mr. Brightside,003vvx7Niy0yvhvHt4a68B,0.352,0.911,1,-5.23,1,0.0747,0.00121,0.0,0.0995,0.236,148.033
79,If We Ever Meet Again (Featuring Katy Perry),360UM2DaiHZPRu0EsrOvMp,0.652,0.605,8,-7.371,1,0.0393,0.00481,0.0,0.0605,0.394,126.091
80,Meet Me Halfway,6wOYnPq1hPihRepcDClPUw,0.798,0.629,11,-6.857,0,0.0735,0.00474,2.29e-05,0.324,0.4,130.002
81,The Tide Is High - Radio Mix,5WuVWOngcRkMOx9RRLCvui,0.776,0.693,7,-2.528,1,0.0314,0.0234,0.00177,0.0322,0.635,102.996
82,The Real Slim Shady,3yfqSUWxFvZELEM4PmlwIR,0.949,0.661,5,-4.244,0,0.0572,0.0302,0.0,0.0454,0.76,104.504
83,No Air (feat. Chris Brown),1jUA4rb6ZCv4gby4YU53xq,0.466,0.759,8,-4.978,0,0.199,0.0521,0.0,0.0587,0.328,160.033
84,Superstar,3oobWqIgYrSRg18uqRuPIF,0.801,0.645,1,-6.93,1,0.0356,0.0457,0.0,0.0357,0.824,110.01
85,Bleeding Love,6LtPIXlIzPOTF8vTecYjRe,0.635,0.647,5,-5.864,1,0.0366,0.192,0.0,0.154,0.201,104.058
86,Temperature,0k2GOhqsrxDTAbFFSdNJjT,0.951,0.6,0,-4.675,0,0.0685,0.106,0.0,0.0712,0.822,125.04
87,Chasing Pavements,56pHllZT7QOacB0bP56ofx,0.616,0.47,5,-6.092,0,0.0253,0.291,0.0,0.111,0.325,80.03
88,Live Your Life,3jlbL2OTD5YmIunYzgQTAN,0.375,0.862,11,-3.363,0,0.255,0.071,0.0,0.211,0.478,159.841
89,American Boy,22UDw8rSfLbUsaAGTXQ4Z8,0.727,0.729,0,-2.99,1,0.326,0.171,0.0,0.07,0.512,117.932
90,Hollaback Girl,0LzrhCZFXW94Y8nwtTuRlw,0.926,0.916,10,-2.221,0,0.0929,0.35,6.17e-06,0.0234,0.904,110.007
91,Beautiful Girls,67D9O4Oau629qirRXtTWCS,0.745,0.666,9,-5.899,1,0.0566,0.159,0.0,0.302,0.708,129.995
92,Love Song,4E6cwWJWZw2zWf7VFbH7wf,0.583,0.786,2,-3.142,0,0.0301,0.0208,0.0,0.188,0.573,123.055
93,"One, Two Step (feat. Missy Elliott)",7uKcScNXuO3MWw6LowBjW1,0.944,0.511,5,-10.96,0,0.161,0.042,0.00107,0.0379,0.842,113.046
94,Where Is The Love?,0xmjwnQ3FNE6HuWCt2nHdZ,0.834,0.699,5,-3.222,1,0.178,0.111,0.0,0.131,0.809,94.086
95,Knock You Down,58FUwmyGUqkt53YPUcm7cJ,0.588,0.877,8,-4.78,1,0.16,0.00952,0.0,0.171,0.645,155.165
96,Who Knew,2hns6Dv29Yrg68AVTJiAyA,0.688,0.734,9,-4.569,1,0.0274,0.00462,0.0,0.0756,0.46,140.004
97,If I Were a Boy,26NX1wPt1TRCH536yocd6i,0.632,0.518,6,-6.126,1,0.0313,0.107,0.0,0.354,0.427,90.007
98,Breakeven,285hMzLhJwHVLe9QT9qilk,0.63,0.696,10,-4.501,1,0.0242,0.144,0.0,0.0835,0.491,94.034
99,"Hey, Soul Sister",4HlFJV71xXKIGcU3kRyttv,0.673,0.886,1,-4.44,0,0.0431,0.185,0.0,0.0826,0.795,97.012
100,Run This Town,7LR85XLWw2yXqKBSI5brbG,0.632,0.924,1,-1.802,1,0.29,0.281,0.0,0.263,0.441,86.844
100,Run This Town,7LR85XLWw2yXqKBSI5brbG,0.632,0.924,1,-1.802,1,0.29,0.281,0.0,0.263,0.441,86.844
101,"Lady Marmalade - From ""Moulin Rouge"" Soundtrack",7GQqj9jRtDkMp8zByehXQI,0.756,0.808,5,-3.655,1,0.0541,0.0175,3.67e-06,0.66,0.638,109.902
102,"Independent Women, Pt. 1",69XUpOpjzDKcfdxqZebGiI,0.73,0.602,6,-3.782,0,0.206,0.362,3.69e-06,0.169,0.927,97.954
103,Hot In Herre,04KTF78FFg8sOHC1BADqbY,0.956,0.745,11,-4.753,0,0.12,0.206,0.0,0.0615,0.912,107.075
104,Love Don't Cost a Thing,1fgvJXlcZ7uIddMpqsqw0L,0.786,0.842,4,-5.115,0,0.0707,0.00305,3.54e-06,0.473,0.685,97.577
105,Dog Days Are Over,1YLJVmuzeM2YSUkCCaTNUB,0.492,0.81,7,-5.315,1,0.0847,0.0416,0.00379,0.117,0.245,149.954
106,Dancing in the Moonlight,3Fzlg5r1IjhLk2qRw667od,0.632,0.856,10,-3.463,1,0.0348,0.0624,0.0,0.347,0.867,119.397
107,Push The Button,2nCmCt4B5vkabS0zeOuc1Z,0.962,0.662,8,-5.093,1,0.0578,0.0517,0.0,0.0799,0.801,126.007
108,No One,6IwKcFdiRQZOWeYNhUiWIv,0.644,0.549,1,-5.415,0,0.0285,0.0209,8.85e-06,0.134,0.167,90.04
109,A Thousand Miles,4w1lzcaoZ1IC2K5TwjalRP,0.56,0.825,11,-3.862,1,0.0379,0.323,0.0,0.161,0.268,94.931
110,So Sick,6brl7bwOHmGFkNw3MBqssT,0.452,0.574,6,-8.336,1,0.31,0.246,0.0,0.189,0.58,92.791
111,When Love Takes Over (feat. Kelly Rowland),77FULy278MulVvGWS8BfK7,0.675,0.862,11,-4.614,1,0.0253,0.0165,0.000427,0.169,0.498,129.967
112,All The Things She Said,4bJygwUKrRgq1stlNXcgMg,0.603,0.834,5,-5.766,0,0.0417,0.0411,0.00609,0.105,0.376,89.957
113,Smack That,2kQuhkFX7uSVepCD3h29g5,0.939,0.742,5,-5.171,0,0.0467,0.321,0.0,0.107,0.924,118.978
114,Hung Up,3850dYVgOFIXJh5U4BFEWH,0.649,0.647,9,-7.695,0,0.0452,0.0039,0.161,0.0686,0.405,125.02
115,World of Our Own,4SAHTVRe6EBhgAOWl49yPf,0.707,0.765,1,-4.636,1,0.0341,0.0163,0.0,0.0627,0.923,97.005
116,Bootylicious,41nT1Sp6ChR65FbsdLlFHW,0.84,0.835,1,-4.386,0,0.275,0.00281,1.11e-06,0.152,0.637,103.376
117,My Love (feat. T.I.),4NeOWqHmlrGRuBvsLJC9rL,0.771,0.68,11,-5.881,0,0.224,0.277,1.18e-05,0.682,0.808,119.952
118,Bulletproof,3kMrazSvILsgcwtidZd1Qd,0.674,0.882,3,-2.771,0,0.0477,0.000441,6.47e-05,0.068,0.682,123.016
119,Dirrty (feat. Redman),59ZTxQo8rBycIXPLUIKvE2,0.64,0.889,2,-3.073,1,0.322,0.107,0.0,0.339,0.436,99.931
120,Gold Digger,1PS1QMdUqOal0ai3Gt7sDQ,0.629,0.696,1,-5.572,0,0.348,0.0195,0.0,0.0554,0.623,93.034
121,Hey Ya!,2PpruBYCo4H7WOBJ7Q2EwM,0.727,0.974,4,-2.261,0,0.0664,0.103,0.000532,0.174,0.965,79.526
122,Impossible,1T8PwF3JhIiWwBhun23RNe,0.6,0.624,8,-3.631,1,0.0334,0.385,0.0,0.125,0.529,90.036
123,Get the Party Started,02jcEwywffn3Tsb48fXmlW,0.802,0.903,11,-3.267,0,0.046,0.0011,0.0,0.173,0.96,128.93
124,Let Me Love You,3ibKnFDaa3GhpPGlOUj7ff,0.656,0.578,7,-8.97,0,0.0922,0.235,0.0,0.118,0.556,94.514
125,Fuck You,4ycLiPVzE5KamivXrAzGFG,0.69,0.834,0,-5.79,1,0.0566,0.129,0.0,0.136,0.738,127.43
126,Hit 'Em Up Style (Oops!),4zYTZvtcww7OWKie7fxA9E,0.667,0.773,5,-4.983,0,0.0586,0.201,0.0,0.404,0.667,89.976
127,Hate That I Love You,7iu0WYLdo4yksKf3seaxzI,0.637,0.73,5,-5.38,0,0.0874,0.323,0.0,0.0981,0.732,93.867
128,Viva La Vida,1mea3bSkSGXuIRvnydlB5b,0.486,0.617,5,-7.115,0,0.0287,0.0954,3.23e-06,0.109,0.417,138.015
129,Ms. Jackson,0I3q5fE6wg7LIfHGngUTnV,0.843,0.806,4,-5.946,0,0.269,0.143,0.0,0.0771,0.613,94.948
130,Teenage Dirtbag,25FTMokYEbEWHEdss5JLZS,0.625,0.85,4,-3.904,1,0.0495,0.346,0.000233,0.174,0.633,94.661
131,Grace Kelly,7dzUZec5MnWMyQnk5klnKR,0.671,0.82,0,-5.796,1,0.048,0.0194,0.0133,0.361,0.685,122.361
132,I Know You Want Me (Calle Ocho),13plQdOoWSSXPRUSZc5FuM,0.817,0.733,2,-6.009,1,0.145,0.0152,4.31e-05,0.107,0.833,127.056
133,Right Round,3GpbwCm3YxiWDvy29Uo3vP,0.72,0.672,7,-6.852,1,0.0551,0.009,0.0,0.232,0.705,124.986
134,Dancing On My Own - Radio Edit,7g13jf3zqlP5S68Voo5v9m,0.573,0.926,6,-6.045,1,0.0342,0.00202,0.0117,0.127,0.219,117.047
135,Crush,4wCD0qOFNRu1Q6O3N6ycm4,0.57,0.664,0,-4.718,0,0.0322,0.00836,1.2e-05,0.0719,0.487,162.084
136,She Will Be Loved - Radio Mix,4llK75pXNWZz6KAho2Gp16,0.651,0.663,0,-5.569,0,0.0281,0.228,0.0,0.0994,0.465,102.0
137,All For You,5X8kkUaUlAyAUr9TYqDFTH,0.753,0.934,2,-3.011,1,0.0736,0.0174,0.065,0.128,0.73,113.525
138,Ride Wit Me,3Gf5nttwcX9aaSQXRWidEZ,0.85,0.7,7,-6.49,1,0.0478,0.0616,1.8e-06,0.244,0.722,101.875
139,Whole Again,16MJqq0vEuW6GRX6faetTm,0.747,0.706,4,-4.653,1,0.0413,0.0844,0.00355,0.174,0.567,94.019
140,Put Your Records On,2nGFzvICaeEWjIrBrL2RAx,0.739,0.511,9,-7.844,1,0.0362,0.167,1.34e-06,0.133,0.542,96.038
141,Gives You Hell,5gb9UJkh8TfrNMRYOJNbew,0.718,0.691,4,-6.44,1,0.0387,0.0159,0.0,0.0627,0.552,100.008
142,I'm a Slave 4 U,6ldwfK0yWgTAlmIfuQkTYN,0.847,0.843,5,-3.579,0,0.106,0.415,0.000134,0.107,0.963,110.027
143,Boom Boom Pow,3opVsyWVYEAFK9bJAG8Opa,0.866,0.857,9,-5.894,1,0.0664,0.13,0.0017,0.13,0.408,130.049
144,"Sugar, We're Goin Down",2TfSHkHiFO4gRztVIkggkE,0.494,0.842,7,-4.784,1,0.0843,0.00579,0.0,0.122,0.574,162.011
145,Because of You,3f3omU8n47Mqyab5nCaGyT,0.583,0.584,5,-5.362,0,0.0314,0.254,0.0,0.123,0.136,140.039
146,Baby Boy (feat. Beyonc√© ),1uVfUdVv0h9MWia3tdZo5G,0.658,0.621,1,-5.725,1,0.231,0.0667,2.46e-06,0.142,0.817,91.267
147,Bubbly,0rFOs9paloAvEtzwDX1Kmc,0.697,0.474,9,-6.663,1,0.0351,0.603,0.0,0.11,0.249,127.904
148,Hall of Fame (feat. will.i.am),1X1DWw2pcNZ8zSub3uhlNz,0.421,0.873,10,-4.343,1,0.0564,0.0654,0.0,0.123,0.629,84.786
149,Shackles (Praise You),7JKEA8xYDoFp4q0QBW2PGg,0.779,0.834,7,-2.773,1,0.162,0.0343,0.0,0.0886,0.8,100.46
150,Dirty Little Secret,5ZdzNVOmCSp5HFLk0EgvJS,0.469,0.955,10,-4.253,1,0.0432,0.000343,1.35e-06,0.548,0.462,143.853
